Mean Precision,Max Precision,Min Precision
0.865009210356753,1.0,0.6277372262773723
