Mean Precision,Max Precision,Min Precision
0.8256665159949071,0.9855072463768116,0.5933333333333334
0.7311476175642408,0.8421052631578947,0.6421052631578947
0.6929201127877869,0.7358490566037735,0.6546762589928058
0.7072342581865699,0.8181818181818182,0.5897435897435898
0.7069721338964579,0.8769230769230769,0.5058823529411764
0.7059695670011941,0.8539325842696629,0.5980392156862745
0.7032785607227234,0.8846153846153846,0.5630252100840336
