Mean Accuracy,Max Accuracy,Min Accuracy
0.7027333333333334,0.76,0.65
0.7658333333333335,0.8266666666666667,0.71
