Mean Precision,Max Precision,Min Precision
0.4740063364055299,0.4792626728110599,0.46875
0.4992602853094179,0.6111111111111112,0.3372093023255814
