Mean Precision,Max Precision,Min Precision
0.6734085225362272,1.0,0.45
0.7502873020215255,1.0,0.49390243902439024
0.7202172133136666,0.9894736842105263,0.42758620689655175
