Mean Precision,Max Precision,Min Precision
0.6820813489798858,1.0,0.44525547445255476
0.7267300336981779,0.9879518072289156,0.47368421052631576
0.7193402787376371,1.0,0.44966442953020136
0.7211588804827456,1.0,0.4682080924855491
0.8682504477912211,1.0,0.7009803921568627
0.7425618310094255,0.9886363636363636,0.4074074074074074
