Mean Accuracy,Max Accuracy,Min Accuracy
0.7010000000000002,0.7566666666666667,0.6433333333333333
